{
  "SR-DKT-Full": {
    "AUC": 0.5,
    "ACC": 0.37744441467988216,
    "说明": "完整模型"
  },
  "SR-DKT-noS": {
    "AUC": 0.6985843862115805,
    "ACC": 0.6225555853201179,
    "说明": "去掉S头"
  },
  "SR-DKT-noR": {
    "AUC": 0.6103508980411151,
    "ACC": 0.37744441467988216,
    "说明": "去掉R头"
  },
  "SR-DKT-noDt": {
    "AUC": 0.5,
    "ACC": 0.37744441467988216,
    "说明": "去掉时间衰减"
  },
  "SR-DKT-noHint": {
    "AUC": 0.5,
    "ACC": 0.37744441467988216,
    "说明": "去掉行为特征"
  }
}