{
  "DKT": {
    "AUC": 0.8219180443538145,
    "ACC": 0.7826749123130884,
    "F1": 0.8473532367337677
  },
  "DKT-F": {
    "AUC": 0.8208487541016612,
    "ACC": 0.7805981170389514,
    "F1": 0.846387488690707
  },
  "SAKT": {
    "AUC": 0.811503145107144,
    "ACC": 0.7722447849363117,
    "F1": 0.8421658617711965
  },
  "AKT": {
    "AUC": 0.8047071554766239,
    "ACC": 0.7692911205464279,
    "F1": 0.8382776357930833
  },
  "LBKT": {
    "AUC": 0.8148614693667211,
    "ACC": 0.775383053350563,
    "F1": 0.8445693481940408
  },
  "SR-DKT": {
    "AUC": 0.8260051967458231,
    "ACC": 0.7834133284105593,
    "F1": 0.8483438358377767
  }
}