{
  "DKT": {
    "AUC": 0.6811016002946625,
    "ACC": 0.6569563679624449,
    "F1": 0.479052734375
  },
  "DKT-F": {
    "AUC": 0.6821069730420168,
    "ACC": 0.6580817337063117,
    "F1": 0.4751493016139381
  },
  "SAKT": {
    "AUC": 0.6363479093548939,
    "ACC": 0.6425677630944343,
    "F1": 0.43081334323238013
  },
  "AKT": {
    "AUC": 0.6184817319855141,
    "ACC": 0.632905694350664,
    "F1": 0.3846609895440336
  },
  "LBKT": {
    "AUC": 0.6430103601801506,
    "ACC": 0.6423426899456609,
    "F1": 0.4648690255694802
  },
  "SR-DKT": {
    "AUC": 0.704737269225691,
    "ACC": 0.6673097328060191,
    "F1": 0.5171496570068599
  }
}