{
  "DKT": [
    0.5753286301923309,
    0.6166417651190631,
    0.626044572843892,
    0.6305332494581389,
    0.6346759643466402,
    0.6371811805741993,
    0.638398405672464,
    0.6387623590800116,
    0.6436282284187527,
    0.6457173735202593,
    0.6485349003215803,
    0.6498312277296655,
    0.6543687142851515,
    0.6565821496157491,
    0.6609434750464379,
    0.6654002147839093,
    0.6687650444651565,
    0.6695383959890369,
    0.6742232539297942,
    0.6754037211919686,
    0.6755844564532824,
    0.6794570158741415,
    0.68046500735145,
    0.6819930486023051,
    0.6817194810000149,
    0.68346532666159,
    0.6847297177791773,
    0.6855871092414021,
    0.6855328674397649,
    0.6869227823141579
  ],
  "DKT-F": [
    0.5944694603161471,
    0.6205489448084993,
    0.6256819016250861,
    0.6322015845531186,
    0.634767828157301,
    0.6354798662011717,
    0.6382924014364454,
    0.6407951787498914,
    0.644214628967996,
    0.6485176068961985,
    0.651077235532127,
    0.6522467358886774,
    0.6577037358629751,
    0.6616419483893881,
    0.6667406572235665,
    0.6707238583349233,
    0.671245336280292,
    0.6755858060639285,
    0.6786533502894146,
    0.6795137059703305,
    0.6818677054189481,
    0.6830131783675448,
    0.6832921608281877,
    0.684801084158296,
    0.6858155944543596,
    0.6871725904372804,
    0.6870374235892898,
    0.6878500633226527,
    0.687860263377397,
    0.6874709587474562
  ],
  "SAKT": [
    0.6244023939302182,
    0.6300116126315864,
    0.635304770928744,
    0.6355095928120323,
    0.6394820333874209,
    0.6407345981166706,
    0.6415886331406029,
    0.6429293136088969,
    0.6437613473996767,
    0.6413840287662416,
    0.6451090280204966,
    0.6453784770238342,
    0.6462332185120709,
    0.6455220587117918,
    0.6462025808260827,
    0.6457503903200624,
    0.6463339081431778,
    0.6469051047598036,
    0.646980606153643,
    0.6467402675835858,
    0.6463472236761902,
    0.6457229361205244,
    0.6461693957646568,
    0.642708807631775
  ],
  "AKT": [
    0.5786024332670887,
    0.588520282783649,
    0.5930765020756097,
    0.5969406273093468,
    0.599293056120727,
    0.60140075104015,
    0.6019091614478594,
    0.6027788231104372,
    0.6027735642018812,
    0.6034437971472584,
    0.6035554841704156,
    0.6059472123305494,
    0.6100212940653152,
    0.6054260550789354,
    0.6114730201692569,
    0.6125781496089951,
    0.6141472455232324,
    0.6148825423653452,
    0.6154122616125612,
    0.6146567065400983,
    0.6146787681598261,
    0.6157669963937841,
    0.6159129700936599,
    0.6159461393255952,
    0.6169928538409427,
    0.6180021943426198,
    0.6158359045116346,
    0.6162782033448395,
    0.6162952710534102,
    0.6184251002909624
  ],
  "LBKT": [
    0.6228692620324296,
    0.6302960908568674,
    0.6336094389306225,
    0.6343760230541171,
    0.6369156455589906,
    0.6412258757390146,
    0.6423810844106299,
    0.6426428467305699,
    0.6437263642253699,
    0.6443422386999011,
    0.6448746870685584,
    0.6463981846693235,
    0.6465650925774276,
    0.6465556195066977,
    0.6473246607189056,
    0.6473056324986057,
    0.646228270916831,
    0.647725720797615,
    0.6469916363772295,
    0.6480519361132075,
    0.646287706550229,
    0.6476683388940574,
    0.6471831843532028,
    0.6475209909598835,
    0.645964174626438
  ],
  "SR-DKT": [
    0.6010183396388584,
    0.617803952277377,
    0.6240330509445899,
    0.6272849621492098,
    0.6306638145559463,
    0.6342691506275948,
    0.6367227387056195,
    0.6390078546881462,
    0.6405115733111747,
    0.6418140943643924,
    0.6424771733919722,
    0.6444494888098364,
    0.646532830860391,
    0.6485867189585082,
    0.6502477270204406,
    0.6514777002813384,
    0.6523448197184285,
    0.6551844063555886,
    0.6575210729082136,
    0.6588105673561435,
    0.6613757256112455,
    0.6644959637009162,
    0.6675608976875529,
    0.6700251576955589,
    0.672329283373851,
    0.6748670162251897,
    0.6769476877293603,
    0.6788233671085662,
    0.6803705098003309,
    0.6811554596838976
  ],
  "SR-DKT-Full": [
    0.7933547249052628,
    0.8039962989572975,
    0.8088915468612666,
    0.8126855416409995,
    0.8161281144327299,
    0.8182953420332022,
    0.8211085192467946,
    0.8220384498174786,
    0.8219778492601464,
    0.823188360816574,
    0.8243373351346909,
    0.8252260382325074,
    0.8250221840280546,
    0.8249503973382697,
    0.8259902438191394,
    0.8257577307793693,
    0.8258646610189366,
    0.8270748393330932,
    0.8258904782884013,
    0.8261074415232768,
    0.8273575368575858,
    0.8222240117232109,
    0.8277041133228351,
    0.8273619410594936,
    0.828321336551529,
    0.8291675332466809,
    0.8287523358932225,
    0.8287424422003891,
    0.8290370914139029,
    0.8292218607434227
  ],
  "SR-DKT-noS": [
    0.7923776900892271,
    0.8028236329150129,
    0.8078052040770265,
    0.8116695084726938,
    0.8148780100918728,
    0.8158402741694044,
    0.8167594509219336,
    0.8186428686892515,
    0.8191138931296721,
    0.820761010603841,
    0.8224776451177322,
    0.8228116259257876,
    0.8241666385362154,
    0.8238906914193503,
    0.8249805512605329,
    0.8250296594627853,
    0.8246887255997758,
    0.8256586137200778,
    0.8246534559583232,
    0.8261808719080477,
    0.8270334992783773,
    0.8272072130703886,
    0.8269665761244414,
    0.8251127898996106,
    0.8265108763252188,
    0.8276226761170093,
    0.8277124173599697,
    0.8278305562483592,
    0.8287886007582144,
    0.8283995043804787
  ],
  "SR-DKT-noR": [
    0.7881481431578535,
    0.8055125828138566,
    0.8093739015389056,
    0.8128072065928795,
    0.8159417509442375,
    0.819043610533381,
    0.8206331626568495,
    0.8206961679624627,
    0.8206540713577258,
    0.8225710159994838,
    0.822638533585579,
    0.8253357109659007,
    0.8256730151901194,
    0.8257334040935769,
    0.8265023020916483,
    0.8271185075804331,
    0.825082717036278,
    0.8266032835063486,
    0.8274256668889363,
    0.8274776842061501,
    0.8267586419538042,
    0.8280596873294048,
    0.8288703667030375,
    0.8282204857317728,
    0.8280005143099095,
    0.8264816140511946,
    0.8284957483510001,
    0.8289983992842603,
    0.8287276804684327,
    0.8297514412548095
  ],
  "SR-DKT-noDt": [
    0.7964250165441278,
    0.8046180975123086,
    0.8095570046570697,
    0.813174290967625,
    0.8154145661745836,
    0.8179725158346819,
    0.8165734161724384,
    0.8187252335695078,
    0.8201976240150305,
    0.8212246451717355,
    0.8226939508746133,
    0.8224415153509583,
    0.824543368923728,
    0.8237861569215158,
    0.8249527300341676,
    0.8255966846969348,
    0.825679887186143,
    0.8249418636341644,
    0.8257471706019939,
    0.8263063015969365,
    0.8262885992271014,
    0.8264369010443021,
    0.8263236617179529,
    0.8275778190053508,
    0.8269800003840392,
    0.8275560591857007,
    0.8274362630925034,
    0.8275896626157975,
    0.8279818077099869,
    0.8279761741142951
  ],
  "SR-DKT-noHint": [
    0.5
  ]
}